<?xml version="1.0" encoding="UTF-8"?>
<extentreports>
    <configuration>
        <!-- report theme -->
        <!-- standard, dark -->
        <theme>dark</theme>

        <!-- document encoding -->
        <!-- defaults to UTF-8 -->
        <encoding>UTF-8</encoding>

        <!-- protocol for script and stylesheets -->
        <!-- defaults to https -->
        <protocol>https</protocol>

        <!-- title of the document -->
        <documentTitle>Spark Extent</documentTitle>

        <!-- report name - displayed at top-nav -->
<!--        <reportName>HoaDoan Report</reportName>-->
        <reportName>
            <![CDATA[
                <img src='src/main/resources/logos/company_logo.png'/>
            ]]>
        </reportName>

        <!-- custom javascript -->
        <scripts>
            <![CDATA[
        $(document).ready(function() {

        });
      ]]>
        </scripts>

        <!-- custom styles -->
        <styles>
            <![CDATA[

      ]]>
        </styles>
    </configuration>
</extentreports>